{"type":0,"localRotation":[0,0,0,1],"name":"Root","localPosition":[0,0,0],"children":[{"type":1,"vertices":[[0,0,0],[-0.01,0,0],[-0.0198639,-0.00164399,0],[-0.0271593,-0.0084834,0],[-0.0332101,-0.016445,0],[-0.0380666,-0.0251866,0],[-0.0407812,-0.0348111,0],[-0.0410033,-0.0448086,0],[-0.0399837,-0.0747899,0],[-0.0376465,-0.0946225,0],[-0.0304755,-0.113291,0],[-0.0212636,-0.131018,0],[-0.00994974,-0.147508,0],[0.000528276,-0.164543,0],[0.0123977,-0.180635,0],[0.0232561,-0.197401,0],[0.0306626,-0.215952,0],[0.0346666,-0.235507,0],[0.0360545,-0.255459,0],[0.0354562,-0.275368,0],[0.0330874,-0.295218,0],[0.0280854,-0.314582,0],[0.0222378,-0.333706,0],[0.0175123,-0.353139,0],[0.0114051,-0.372158,0],[0.00264075,-0.390135,0],[-0.00690723,-0.407708,0],[-0.0133111,-0.426273,0]],"localRotation":[0,0,0,1],"name":"PolyLine0","localPosition":[0,0,0],"children":[]},{"type":2,"connections":[[0,1],[1,2],[2,3],[3,4],[4,5],[5,6],[6,7],[7,8],[8,9],[9,10],[10,11],[11,12],[12,13],[13,14],[14,15],[15,16],[16,17],[17,18],[18,19],[19,20],[20,21],[21,22],[22,23],[23,24],[24,25],[25,26],[26,27],[0,28],[1,29],[28,29],[2,30],[29,30],[3,31],[30,31],[4,32],[31,32],[5,33],[32,33],[6,34],[33,34],[7,35],[34,35],[8,36],[35,36],[9,37],[36,37],[10,38],[37,38],[11,39],[38,39],[12,40],[39,40],[13,41],[40,41],[14,42],[41,42],[15,43],[42,43],[16,44],[43,44],[17,45],[44,45],[18,46],[45,46],[19,47],[46,47],[20,48],[47,48],[21,49],[48,49],[22,50],[49,50],[23,51],[50,51],[24,52],[51,52],[25,53],[52,53],[26,54],[53,54],[27,55],[54,55],[28,56],[29,57],[56,57],[30,58],[57,58],[31,59],[58,59],[32,60],[59,60],[33,61],[60,61],[34,62],[61,62],[35,63],[62,63],[36,64],[63,64],[37,65],[64,65],[38,66],[65,66],[39,67],[66,67],[40,68],[67,68],[41,69],[68,69],[42,70],[69,70],[43,71],[70,71],[44,72],[71,72],[45,73],[72,73],[46,74],[73,74],[47,75],[74,75],[48,76],[75,76],[49,77],[76,77],[50,78],[77,78],[51,79],[78,79],[52,80],[79,80],[53,81],[80,81],[54,82],[81,82],[55,83],[82,83],[56,84],[57,85],[84,85],[58,86],[85,86],[59,87],[86,87],[60,88],[87,88],[61,89],[88,89],[62,90],[89,90],[63,91],[90,91],[64,92],[91,92],[65,93],[92,93],[66,94],[93,94],[67,95],[94,95],[68,96],[95,96],[69,97],[96,97],[70,98],[97,98],[71,99],[98,99],[72,100],[99,100],[73,101],[100,101],[74,102],[101,102],[75,103],[102,103],[76,104],[103,104],[77,105],[104,105],[78,106],[105,106],[79,107],[106,107],[80,108],[107,108],[81,109],[108,109],[82,110],[109,110],[83,111],[110,111],[84,112],[85,113],[112,113],[86,114],[113,114],[87,115],[114,115],[88,116],[115,116],[89,117],[116,117],[90,118],[117,118],[91,119],[118,119],[92,120],[119,120],[93,121],[120,121],[94,122],[121,122],[95,123],[122,123],[96,124],[123,124],[97,125],[124,125],[98,126],[125,126],[99,127],[126,127],[100,128],[127,128],[101,129],[128,129],[102,130],[129,130],[103,131],[130,131],[104,132],[131,132],[105,133],[132,133],[106,134],[133,134],[107,135],[134,135],[108,136],[135,136],[109,137],[136,137],[110,138],[137,138],[111,139],[138,139],[112,140],[113,141],[140,141],[114,142],[141,142],[115,143],[142,143],[116,144],[143,144],[117,145],[144,145],[118,146],[145,146],[119,147],[146,147],[120,148],[147,148],[121,149],[148,149],[122,150],[149,150],[123,151],[150,151],[124,152],[151,152],[125,153],[152,153],[126,154],[153,154],[127,155],[154,155],[128,156],[155,156],[129,157],[156,157],[130,158],[157,158],[131,159],[158,159],[132,160],[159,160],[133,161],[160,161],[134,162],[161,162],[135,163],[162,163],[136,164],[163,164],[137,165],[164,165],[138,166],[165,166],[139,167],[166,167],[140,168],[141,169],[168,169],[142,170],[169,170],[143,171],[170,171],[144,172],[171,172],[145,173],[172,173],[146,174],[173,174],[147,175],[174,175],[148,176],[175,176],[149,177],[176,177],[150,178],[177,178],[151,179],[178,179],[152,180],[179,180],[153,181],[180,181],[154,182],[181,182],[155,183],[182,183],[156,184],[183,184],[157,185],[184,185],[158,186],[185,186],[159,187],[186,187],[160,188],[187,188],[161,189],[188,189],[162,190],[189,190],[163,191],[190,191],[164,192],[191,192],[165,193],[192,193],[166,194],[193,194],[167,195],[194,195],[168,196],[169,197],[196,197],[170,198],[197,198],[171,199],[198,199],[172,200],[199,200],[173,201],[200,201],[174,202],[201,202],[175,203],[202,203],[176,204],[203,204],[177,205],[204,205],[178,206],[205,206],[179,207],[206,207],[180,208],[207,208],[181,209],[208,209],[182,210],[209,210],[183,211],[210,211],[184,212],[211,212],[185,213],[212,213],[186,214],[213,214],[187,215],[214,215],[188,216],[215,216],[189,217],[216,217],[190,218],[217,218],[191,219],[218,219],[192,220],[219,220],[193,221],[220,221],[194,222],[221,222],[195,223],[222,223]],